place,date,verification_status,emulator,platform,region,realtime
1,2021-07-10,verified,False,v06dk3e4,o316x197,4403
2,2020-06-28,verified,False,v06dk3e4,o316x197,4424
3,2021-05-30,verified,False,v06dk3e4,o316x197,4439
4,2019-12-28,verified,False,v06dk3e4,o316x197,4453
5,2021-05-26,verified,False,v06dk3e4,o316x197,4454
6,2020-06-06,verified,False,v06dk3e4,o316x197,4462
7,2020-02-03,verified,False,v06dk3e4,o316x197,4482
8,2020-04-30,verified,False,v06dk3e4,o316x197,4484
9,2021-01-02,verified,False,v06dk3e4,o316x197,4485
10,2019-06-15,verified,False,v06dk3e4,o316x197,4486
11,2019-06-17,verified,False,v06dk3e4,o316x197,4488
12,2021-02-08,verified,False,v06dk3e4,o316x197,4493
13,2020-01-20,verified,False,v06dk3e4,o316x197,4495
14,2021-01-13,verified,False,v06dk3e4,o316x197,4496.3
15,2019-12-13,verified,False,v06dk3e4,o316x197,4496.533
16,2021-01-28,verified,False,v06dk3e4,o316x197,4498
17,2021-06-05,verified,False,v06dk3e4,o316x197,4499.621
18,2020-01-18,verified,False,v06dk3e4,o316x197,4499.725
19,2017-03-05,verified,False,v06dk3e4,o316x197,4505
20,2020-04-21,verified,False,v06dk3e4,o316x197,4518
21,2019-08-22,verified,False,v06dk3e4,o316x197,4519
22,2020-11-24,verified,False,v06dk3e4,e6lxy1dz,4524
23,2017-05-06,verified,False,v06dk3e4,o316x197,4525
24,2020-03-31,verified,False,v06dk3e4,o316x197,4528
25,2020-10-29,verified,False,v06dk3e4,o316x197,4529
26,2020-11-03,verified,False,v06dk3e4,e6lxy1dz,4530
27,2021-06-20,verified,False,v06dk3e4,o316x197,4532
28,2021-06-23,verified,False,v06dk3e4,o316x197,4533
29,2018-08-29,verified,False,v06dk3e4,o316x197,4537
30,2020-04-02,verified,False,v06dk3e4,o316x197,4543
31,2017-01-27,verified,False,v06dk3e4,o316x197,4555
31,2019-05-19,verified,False,v06dk3e4,o316x197,4555
33,2020-05-07,verified,False,v06dk3e4,e6lxy1dz,4556
34,2017-04-27,verified,False,v06dk3e4,o316x197,4559
35,2019-09-16,verified,False,v06dk3e4,o316x197,4569
36,2021-04-06,verified,False,v06dk3e4,o316x197,4577
37,2021-04-16,verified,False,v06dk3e4,o316x197,4579
38,2020-12-18,verified,False,v06dk3e4,e6lxy1dz,4583
39,2021-04-19,verified,False,v06dk3e4,o316x197,4590
40,2019-04-28,verified,False,v06dk3e4,o316x197,4592
41,2020-06-14,verified,False,v06dk3e4,o316x197,4595
42,2016-09-17,verified,False,v06dk3e4,o316x197,4596
42,2019-06-04,verified,False,v06dk3e4,o316x197,4596
44,2020-12-10,verified,False,v06dk3e4,e6lxy1dz,4604
44,2021-07-05,verified,False,v06dk3e4,e6lxy1dz,4604
46,2021-05-29,verified,False,v06dk3e4,o316x197,4606
47,2017-09-13,verified,False,v06dk3e4,o316x197,4607
48,2021-03-18,verified,False,v06dk3e4,pr184lqn,4615
49,2019-01-23,verified,False,v06dk3e4,o316x197,4616
50,2021-04-08,verified,False,v06dk3e4,e6lxy1dz,4623
51,2016-06-14,verified,False,v06dk3e4,o316x197,4625
51,2016-11-21,verified,False,v06dk3e4,e6lxy1dz,4625
53,2017-06-19,verified,False,v06dk3e4,o316x197,4627
54,2020-10-13,verified,False,v06dk3e4,o316x197,4634
55,2019-08-29,verified,False,v06dk3e4,o316x197,4638
56,2020-09-20,verified,False,v06dk3e4,o316x197,4640
57,2020-03-29,verified,False,v06dk3e4,o316x197,4642
58,2015-12-08,verified,False,v06dk3e4,o316x197,4644
59,2016-09-30,verified,False,v06dk3e4,o316x197,4645
60,2021-03-25,verified,False,v06dk3e4,o316x197,4646
61,2018-12-11,verified,False,v06dk3e4,e6lxy1dz,4650
62,2020-05-06,verified,False,v06dk3e4,o316x197,4653
62,2021-04-10,verified,False,v06dk3e4,pr184lqn,4653
64,2017-02-19,verified,False,v06dk3e4,o316x197,4655
65,2019-07-21,verified,False,v06dk3e4,o316x197,4656
66,2019-09-08,verified,False,v06dk3e4,o316x197,4659
67,2016-02-06,verified,False,v06dk3e4,o316x197,4664
68,2016-11-22,verified,False,v06dk3e4,o316x197,4666
69,2018-08-17,verified,False,v06dk3e4,o316x197,4668
70,2021-06-11,verified,False,v06dk3e4,o316x197,4669
71,2016-12-06,verified,False,v06dk3e4,e6lxy1dz,4672
72,2021-01-21,verified,False,v06dk3e4,o316x197,4688
73,2021-07-03,verified,False,v06dk3e4,o316x197,4698
74,2021-03-16,verified,False,v06dk3e4,e6lxy1dz,4702
75,2021-03-12,verified,False,v06dk3e4,pr184lqn,4704
76,2016-09-20,verified,False,v06dk3e4,o316x197,4705
77,2015-07-22,verified,False,v06dk3e4,o316x197,4708
77,2016-07-23,verified,False,v06dk3e4,o316x197,4708
77,2017-03-07,verified,False,v06dk3e4,o316x197,4708
77,2020-10-14,verified,False,v06dk3e4,o316x197,4708
77,2021-06-21,verified,False,v06dk3e4,o316x197,4708
82,2018-09-14,verified,False,v06dk3e4,e6lxy1dz,4712
82,2021-06-26,verified,False,v06dk3e4,e6lxy1dz,4712
84,2021-04-13,verified,False,v06dk3e4,e6lxy1dz,4714
85,2020-07-15,verified,False,v06dk3e4,o316x197,4715
86,2016-06-04,verified,False,v06dk3e4,o316x197,4720
87,2020-09-10,verified,False,v06dk3e4,e6lxy1dz,4722
88,2019-07-23,verified,False,v06dk3e4,o316x197,4726
89,2015-07-15,verified,False,v06dk3e4,pr184lqn,4730
89,2020-08-07,verified,False,v06dk3e4,pr184lqn,4730
91,2020-04-10,verified,False,v06dk3e4,pr184lqn,4733
92,2015-08-10,verified,False,v06dk3e4,o316x197,4734
93,2019-06-01,verified,False,v06dk3e4,o316x197,4736
94,2018-01-19,verified,False,v06dk3e4,o316x197,4739
95,2020-06-08,verified,False,v06dk3e4,o316x197,4741
96,2021-02-22,verified,False,v06dk3e4,o316x197,4744
97,2017-10-10,verified,False,v06dk3e4,o316x197,4748
98,2020-04-16,verified,False,v06dk3e4,e6lxy1dz,4749
99,2020-11-15,verified,False,v06dk3e4,o316x197,4750
100,2020-07-26,verified,False,v06dk3e4,e6lxy1dz,4753
100,2021-04-25,verified,False,v06dk3e4,o316x197,4753
102,2020-10-26,verified,False,v06dk3e4,o316x197,4754
103,2021-05-17,verified,False,v06dk3e4,o316x197,4763
104,2020-03-09,verified,False,v06dk3e4,o316x197,4764
104,2020-04-19,verified,False,v06dk3e4,o316x197,4764
106,2021-06-25,verified,False,v06dk3e4,o316x197,4767
107,2017-09-30,verified,False,v06dk3e4,o316x197,4770
108,2021-06-25,verified,False,v06dk3e4,o316x197,4772
109,2021-05-20,verified,False,v06dk3e4,pr184lqn,4774
110,2020-07-24,verified,False,v06dk3e4,o316x197,4778
111,2021-04-18,verified,False,v06dk3e4,o316x197,4779
112,2015-12-04,verified,False,v06dk3e4,o316x197,4782
113,2017-05-22,verified,False,4p9z06rn,e6lxy1dz,4784
114,2021-06-12,verified,False,4p9z06rn,pr184lqn,4785
115,2020-11-02,verified,False,v06dk3e4,o316x197,4786
116,2016-12-04,verified,False,v06dk3e4,o316x197,4788
117,2019-11-24,verified,False,v06dk3e4,pr184lqn,4789
117,2020-07-11,verified,False,v06dk3e4,pr184lqn,4789
119,2020-09-25,verified,False,v06dk3e4,o316x197,4792
119,2021-04-27,verified,False,v06dk3e4,o316x197,4792
119,2021-05-16,verified,False,v06dk3e4,pr184lqn,4792
122,2021-07-05,verified,False,v06dk3e4,o316x197,4794
123,2016-01-23,verified,False,v06dk3e4,o316x197,4799
123,2019-08-23,verified,False,v06dk3e4,o316x197,4799
125,2014-12-22,verified,False,v06dk3e4,o316x197,4801
125,2015-12-23,verified,False,v06dk3e4,o316x197,4801
125,2016-07-03,verified,False,v06dk3e4,o316x197,4801
125,2021-02-19,verified,False,v06dk3e4,pr184lqn,4801
129,2018-03-31,verified,False,v06dk3e4,pr184lqn,4804
130,2019-11-20,verified,False,v06dk3e4,e6lxy1dz,4806
131,2017-01-06,verified,False,4p9z06rn,pr184lqn,4808
131,2021-07-09,verified,False,v06dk3e4,o316x197,4808
133,2020-05-17,verified,False,v06dk3e4,o316x197,4810
134,2015-03-27,verified,False,v06dk3e4,o316x197,4816
135,2020-06-24,verified,False,v06dk3e4,o316x197,4823
136,2017-12-21,verified,False,v06dk3e4,o316x197,4827
137,2015-11-05,verified,False,v06dk3e4,o316x197,4830
137,2020-04-24,verified,False,v06dk3e4,e6lxy1dz,4830
137,2021-05-23,verified,False,v06dk3e4,e6lxy1dz,4830
140,2015-08-21,verified,False,v06dk3e4,o316x197,4832
141,2016-10-06,verified,False,v06dk3e4,o316x197,4836
141,2018-03-18,verified,False,v06dk3e4,o316x197,4836
143,2021-07-06,verified,False,v06dk3e4,e6lxy1dz,4838
144,2021-06-27,verified,False,v06dk3e4,o316x197,4845
145,2016-08-17,verified,False,v06dk3e4,e6lxy1dz,4846
146,2014-07-20,verified,False,v06dk3e4,o316x197,4847
147,2017-02-08,verified,False,v06dk3e4,o316x197,4850
147,2021-05-23,verified,False,v06dk3e4,o316x197,4850
149,2015-05-15,verified,False,v06dk3e4,e6lxy1dz,4852
150,2021-05-03,verified,False,v06dk3e4,e6lxy1dz,4854
151,2015-06-10,verified,False,v06dk3e4,e6lxy1dz,4855
152,2015-12-14,verified,False,v06dk3e4,e6lxy1dz,4856
152,2017-04-02,verified,False,v06dk3e4,e6lxy1dz,4856
154,2018-07-21,verified,False,v06dk3e4,o316x197,4859
155,2017-12-18,verified,False,v06dk3e4,o316x197,4863
156,2016-01-27,verified,False,v06dk3e4,o316x197,4865
157,2019-05-15,verified,False,v06dk3e4,pr184lqn,4867
158,2017-02-19,verified,False,v06dk3e4,e6lxy1dz,4869
159,2021-01-13,verified,False,v06dk3e4,o316x197,4872
160,2018-04-04,verified,False,v06dk3e4,o316x197,4875
161,2018-03-23,verified,False,v06dk3e4,o316x197,4877
162,2015-12-11,verified,False,v06dk3e4,o316x197,4879
163,2020-12-10,verified,False,v06dk3e4,o316x197,4882
164,2020-06-10,verified,False,v06dk3e4,o316x197,4885
165,2018-12-16,verified,False,v06dk3e4,pr184lqn,4887
166,2020-05-27,verified,False,v06dk3e4,o316x197,4895
167,2014-10-13,verified,False,v06dk3e4,pr184lqn,4897
168,2019-09-23,verified,False,v06dk3e4,o316x197,4899
169,2021-03-02,verified,False,v06dk3e4,o316x197,4900
170,2016-01-30,verified,False,v06dk3e4,pr184lqn,4903
171,2017-03-01,verified,False,v06dk3e4,pr184lqn,4906
172,2017-10-16,verified,False,v06dk3e4,o316x197,4907
173,2020-11-08,verified,False,v06dk3e4,o316x197,4909
174,2015-12-22,verified,False,v06dk3e4,e6lxy1dz,4912
175,2017-02-10,verified,False,v06dk3e4,pr184lqn,4919
175,2020-04-30,verified,False,4p9z06rn,pr184lqn,4919
177,2014-12-13,verified,False,v06dk3e4,o316x197,4922
178,2020-05-05,verified,False,v06dk3e4,pr184lqn,4924
179,2014-05-06,verified,False,v06dk3e4,pr184lqn,4929
180,2019-07-05,verified,False,v06dk3e4,pr184lqn,4938
181,2016-06-09,verified,False,v06dk3e4,o316x197,4939
182,2017-01-24,verified,False,v06dk3e4,pr184lqn,4947
183,2016-12-14,verified,False,v06dk3e4,o316x197,4953
184,2018-11-04,verified,False,4p9z06rn,pr184lqn,4954
185,2017-06-12,verified,False,v06dk3e4,o316x197,4957
185,2021-02-06,verified,False,v06dk3e4,pr184lqn,4957
187,2016-08-23,verified,False,v06dk3e4,o316x197,4958
187,2016-11-28,verified,False,v06dk3e4,pr184lqn,4958
189,2014-05-15,verified,False,v06dk3e4,pr184lqn,4959
190,2018-07-29,verified,False,v06dk3e4,pr184lqn,4963
191,2019-04-19,verified,False,v06dk3e4,e6lxy1dz,4965
191,2019-07-11,verified,False,v06dk3e4,pr184lqn,4965
193,2016-04-09,verified,False,v06dk3e4,pr184lqn,4967
194,2020-02-16,verified,False,v06dk3e4,o316x197,4979
195,2021-04-23,verified,False,v06dk3e4,e6lxy1dz,4981
196,2021-07-02,verified,False,v06dk3e4,pr184lqn,4987
197,2021-04-17,verified,False,v06dk3e4,o316x197,4988
198,2018-05-20,verified,False,v06dk3e4,o316x197,4989
199,2020-08-11,verified,False,v06dk3e4,pr184lqn,4994
200,2014-10-25,verified,False,v06dk3e4,pr184lqn,4995
200,2015-10-18,verified,False,v06dk3e4,p2g50lnk,4995
202,2020-06-24,verified,False,v06dk3e4,e6lxy1dz,4996
203,2017-01-19,verified,False,4p9z06rn,pr184lqn,5005
204,2015-11-20,verified,False,v06dk3e4,pr184lqn,5006
204,2021-07-07,verified,False,v06dk3e4,pr184lqn,5006
206,2015-08-26,verified,False,4p9z06rn,pr184lqn,5007
206,2018-03-09,verified,False,v06dk3e4,pr184lqn,5007
208,2020-12-27,verified,False,v06dk3e4,pr184lqn,5017
208,2021-03-28,verified,False,v06dk3e4,o316x197,5017
210,2020-09-06,verified,False,v06dk3e4,pr184lqn,5018
211,2014-09-06,verified,False,v06dk3e4,o316x197,5024
211,2014-12-05,verified,False,v06dk3e4,e6lxy1dz,5024
211,2015-01-30,verified,False,v06dk3e4,o316x197,5024
214,2016-12-10,verified,False,v06dk3e4,o316x197,5025
214,2019-06-07,verified,False,v06dk3e4,pr184lqn,5025
216,2016-01-22,verified,False,v06dk3e4,pr184lqn,5027
217,2014-12-30,verified,False,v06dk3e4,pr184lqn,5028
217,2021-06-22,verified,False,v06dk3e4,pr184lqn,5028
219,2014-12-02,verified,False,v06dk3e4,pr184lqn,5031
220,2021-01-22,verified,False,v06dk3e4,e6lxy1dz,5036
221,2020-06-30,verified,False,v06dk3e4,o316x197,5037
222,2017-05-22,verified,False,v06dk3e4,o316x197,5039
223,2017-05-25,verified,False,v06dk3e4,o316x197,5040
224,2020-08-26,verified,False,v06dk3e4,pr184lqn,5048
225,2015-04-10,verified,False,v06dk3e4,e6lxy1dz,5050
226,2018-03-04,verified,False,v06dk3e4,o316x197,5052
227,2015-04-02,verified,False,v06dk3e4,pr184lqn,5054
227,2021-06-10,verified,False,4p9z06rn,o316x197,5054
229,2016-05-27,verified,False,4p9z06rn,o316x197,5058
229,2017-05-06,verified,False,v06dk3e4,,5058
231,2020-08-21,verified,False,v06dk3e4,o316x197,5060
232,2016-05-10,verified,False,v06dk3e4,pr184lqn,5061
233,2016-06-04,verified,False,v06dk3e4,o316x197,5065
234,2020-02-05,verified,False,4p9z06rn,o316x197,5071
235,2015-09-22,verified,False,v06dk3e4,pr184lqn,5072
236,2015-06-25,verified,False,v06dk3e4,o316x197,5076
237,2017-04-06,verified,False,v06dk3e4,e6lxy1dz,5078
238,2019-09-19,verified,False,v06dk3e4,o316x197,5079
238,2019-12-28,verified,False,v06dk3e4,o316x197,5079
240,2017-02-21,verified,False,v06dk3e4,pr184lqn,5081
241,2015-02-03,verified,False,v06dk3e4,pr184lqn,5082
241,2015-03-27,verified,False,v06dk3e4,pr184lqn,5082
243,2018-11-21,verified,False,v06dk3e4,pr184lqn,5083
243,2019-11-28,verified,False,v06dk3e4,e6lxy1dz,5083
245,2021-06-30,verified,False,v06dk3e4,e6lxy1dz,5084
246,2014-03-24,verified,False,v06dk3e4,o316x197,5085
246,2021-04-27,verified,False,v06dk3e4,o316x197,5085
248,2019-07-17,verified,False,v06dk3e4,pr184lqn,5088
248,2020-05-03,verified,False,v06dk3e4,pr184lqn,5088
250,2016-04-27,verified,False,v06dk3e4,o316x197,5093
251,2016-06-21,verified,False,v06dk3e4,pr184lqn,5094
251,2021-06-08,verified,False,v06dk3e4,pr184lqn,5094
253,2018-03-01,verified,False,v06dk3e4,pr184lqn,5097
253,2018-07-27,verified,False,v06dk3e4,pr184lqn,5097
255,2018-01-28,verified,False,v06dk3e4,pr184lqn,5104
255,2019-11-26,verified,False,v06dk3e4,pr184lqn,5104
257,2017-01-19,verified,False,v06dk3e4,pr184lqn,5105
258,2017-09-13,verified,False,v06dk3e4,pr184lqn,5106
259,2016-07-30,verified,False,v06dk3e4,pr184lqn,5109
260,2016-02-25,verified,False,4p9z06rn,e6lxy1dz,5113
260,2020-10-13,verified,False,v06dk3e4,pr184lqn,5113
262,2020-07-15,verified,False,v06dk3e4,pr184lqn,5118
263,2014-12-03,verified,False,v06dk3e4,pr184lqn,5119
264,2018-01-29,verified,False,v06dk3e4,e6lxy1dz,5121
264,2020-01-17,verified,False,v06dk3e4,o316x197,5121
266,2021-05-28,verified,False,v06dk3e4,e6lxy1dz,5123
267,2020-03-05,verified,False,v06dk3e4,pr184lqn,5124
268,2014-03-22,verified,False,v06dk3e4,pr184lqn,5125
268,2019-02-05,verified,False,v06dk3e4,o316x197,5125
270,2017-05-30,verified,False,v06dk3e4,o316x197,5132
270,2017-06-27,verified,False,v06dk3e4,e6lxy1dz,5132
272,2018-09-06,verified,False,v06dk3e4,o316x197,5133
273,2016-08-19,verified,False,v06dk3e4,pr184lqn,5136
273,2018-03-05,verified,False,v06dk3e4,o316x197,5136
275,2016-01-28,verified,False,v06dk3e4,pr184lqn,5148
276,2015-04-26,verified,False,v06dk3e4,e6lxy1dz,5149
277,2020-12-26,verified,False,4p9z06rn,pr184lqn,5153
278,2018-06-23,verified,False,4p9z06rn,pr184lqn,5154
278,2020-05-14,verified,False,v06dk3e4,pr184lqn,5154
278,2021-02-20,verified,False,v06dk3e4,e6lxy1dz,5154
281,2015-04-13,verified,False,v06dk3e4,o316x197,5156
282,2019-05-13,verified,False,v06dk3e4,pr184lqn,5158
283,2017-06-04,verified,False,v06dk3e4,pr184lqn,5164
283,2020-06-20,verified,False,v06dk3e4,pr184lqn,5164
285,2015-05-15,verified,False,v06dk3e4,e6lxy1dz,5165
286,2020-03-31,verified,False,v06dk3e4,pr184lqn,5169
287,2016-12-22,verified,False,v06dk3e4,pr184lqn,5170
288,2016-07-10,verified,False,v06dk3e4,pr184lqn,5171
289,2014-03-03,verified,False,v06dk3e4,pr184lqn,5173
290,2020-06-08,verified,False,v06dk3e4,o316x197,5175
291,2016-11-10,verified,False,v06dk3e4,pr184lqn,5178
292,2020-05-22,verified,True,4p9z06rn,o316x197,5181
293,2017-01-26,verified,False,v06dk3e4,pr184lqn,5183
294,2016-02-01,verified,False,v06dk3e4,pr184lqn,5184
294,2021-04-09,verified,False,v06dk3e4,o316x197,5184
296,2017-01-20,verified,False,4p9z06rn,pr184lqn,5190
297,2014-05-02,verified,False,v06dk3e4,o316x197,5193
297,2019-12-09,verified,False,v06dk3e4,pr184lqn,5193
299,2015-03-14,verified,False,v06dk3e4,pr184lqn,5195
299,2017-04-14,verified,False,v06dk3e4,o316x197,5195
301,2014-03-11,verified,False,v06dk3e4,e6lxy1dz,5198
301,2014-12-16,verified,False,v06dk3e4,e6lxy1dz,5198
303,2017-01-16,verified,False,v06dk3e4,pr184lqn,5202
304,2016-06-04,verified,False,v06dk3e4,pr184lqn,5203
305,2020-09-01,verified,False,v06dk3e4,pr184lqn,5205
306,2014-08-08,verified,False,v06dk3e4,o316x197,5208
307,2016-11-06,verified,False,v06dk3e4,pr184lqn,5213
308,2015-04-18,verified,False,v06dk3e4,o316x197,5214
309,2017-11-20,verified,False,v06dk3e4,o316x197,5217
310,2020-03-17,verified,False,v06dk3e4,pr184lqn,5218
311,2016-01-30,verified,False,v06dk3e4,pr184lqn,5222
312,2015-02-04,verified,False,v06dk3e4,pr184lqn,5228
313,2016-04-07,verified,False,4p9z06rn,o316x197,5230
314,2016-07-17,verified,False,v06dk3e4,pr184lqn,5233
315,2015-05-21,verified,False,v06dk3e4,pr184lqn,5234
316,2020-08-13,verified,False,v06dk3e4,,5239
317,2021-02-23,verified,False,v06dk3e4,pr184lqn,5244
318,2021-05-18,verified,False,v06dk3e4,pr184lqn,5249
319,2020-04-07,verified,False,v06dk3e4,pr184lqn,5250
320,2021-01-18,verified,False,v06dk3e4,pr184lqn,5251
321,2017-07-04,verified,False,4p9z06rn,pr184lqn,5258
322,2014-02-22,verified,False,v06dk3e4,o316x197,5261
323,2015-02-15,verified,False,v06dk3e4,pr184lqn,5262
323,2015-08-17,verified,False,v06dk3e4,e6lxy1dz,5262
325,2015-12-13,verified,False,v06dk3e4,pr184lqn,5263
326,2018-07-19,verified,False,v06dk3e4,pr184lqn,5266
327,2014-09-04,verified,False,v06dk3e4,pr184lqn,5268
328,2015-02-20,verified,False,v06dk3e4,e6lxy1dz,5269
328,2020-04-24,verified,False,v06dk3e4,e6lxy1dz,5269
330,2020-01-24,verified,False,v06dk3e4,pr184lqn,5274
331,2018-02-24,verified,False,v06dk3e4,o316x197,5276
332,2014-08-06,verified,False,v06dk3e4,o316x197,5277
333,2014-05-01,verified,False,v06dk3e4,e6lxy1dz,5279
334,2016-02-11,verified,False,v06dk3e4,pr184lqn,5283
335,2020-03-08,verified,False,v06dk3e4,o316x197,5284
336,2021-06-19,verified,False,v06dk3e4,pr184lqn,5290
337,2021-06-17,verified,False,v06dk3e4,pr184lqn,5295
338,2014-11-18,verified,False,v06dk3e4,e6lxy1dz,5296
339,2015-01-16,verified,False,v06dk3e4,o316x197,5304
340,2019-06-27,verified,False,v06dk3e4,pr184lqn,5307
341,2016-02-05,verified,False,v06dk3e4,o316x197,5308
341,2016-02-07,verified,False,v06dk3e4,e6lxy1dz,5308
341,2016-11-22,verified,False,v06dk3e4,pr184lqn,5308
341,2017-09-17,verified,False,v06dk3e4,o316x197,5308
345,2014-11-02,verified,False,v06dk3e4,e6lxy1dz,5312
346,2015-04-19,verified,False,v06dk3e4,pr184lqn,5316
346,2016-05-23,verified,False,4p9z06rn,o316x197,5316
348,2014-09-01,verified,False,v06dk3e4,e6lxy1dz,5320
348,2021-03-20,verified,False,v06dk3e4,e6lxy1dz,5320
350,2014-09-05,verified,False,v06dk3e4,e6lxy1dz,5323
351,2014-08-04,verified,False,v06dk3e4,pr184lqn,5325
352,2021-06-24,verified,False,v06dk3e4,o316x197,5326
353,2015-05-24,verified,False,v06dk3e4,pr184lqn,5327
353,2018-07-27,verified,False,v06dk3e4,e6lxy1dz,5327
355,2021-01-17,verified,False,v06dk3e4,o316x197,5328
356,2016-02-29,verified,False,v06dk3e4,pr184lqn,5330
357,2015-02-20,verified,False,v06dk3e4,pr184lqn,5334
357,2017-03-09,verified,False,v06dk3e4,o316x197,5334
359,2015-07-24,verified,False,v06dk3e4,e6lxy1dz,5336
359,2016-12-28,verified,False,v06dk3e4,e6lxy1dz,5336
359,2019-02-24,verified,False,v06dk3e4,pr184lqn,5336
362,2021-04-15,verified,False,v06dk3e4,pr184lqn,5338
363,2017-04-20,verified,False,4p9z06rn,o316x197,5339
363,2017-12-02,verified,False,4p9z06rn,pr184lqn,5339
363,2018-09-24,verified,False,v06dk3e4,pr184lqn,5339
366,2014-08-14,verified,False,v06dk3e4,o316x197,5340
366,2020-11-21,verified,False,v06dk3e4,e6lxy1dz,5340
368,2015-05-28,verified,False,4p9z06rn,e6lxy1dz,5343
369,2014-07-22,verified,False,v06dk3e4,pr184lqn,5347
370,2020-06-18,verified,False,v06dk3e4,o316x197,5349
371,2016-01-27,verified,False,v06dk3e4,e6lxy1dz,5354
372,2014-08-18,verified,False,v06dk3e4,pr184lqn,5355
373,2021-02-04,verified,False,v06dk3e4,o316x197,5358
374,2016-10-16,verified,False,v06dk3e4,pr184lqn,5359
375,2016-05-25,verified,False,4p9z06rn,pr184lqn,5360
376,2020-02-24,verified,False,4p9z06rn,o316x197,5361
377,2015-04-09,verified,False,v06dk3e4,pr184lqn,5363
378,2015-04-08,verified,False,v06dk3e4,e6lxy1dz,5364
379,2016-01-17,verified,False,4p9z06rn,,5365
380,2015-04-24,verified,False,v06dk3e4,pr184lqn,5369
380,2018-09-14,verified,False,4p9z06rn,pr184lqn,5369
382,2019-01-21,verified,False,v06dk3e4,pr184lqn,5370
383,2014-10-11,verified,False,v06dk3e4,pr184lqn,5376
383,2020-08-06,verified,False,v06dk3e4,e6lxy1dz,5376
385,2020-03-08,verified,False,v06dk3e4,pr184lqn,5377
385,2020-12-04,verified,False,4p9z06rn,pr184lqn,5377
387,2014-04-13,verified,False,v06dk3e4,o316x197,5380
388,2017-06-06,verified,False,v06dk3e4,pr184lqn,5383
388,2017-08-10,verified,False,4p9z06rn,pr184lqn,5383
388,2019-10-19,verified,False,v06dk3e4,pr184lqn,5383
391,2018-03-03,verified,False,4p9z06rn,pr184lqn,5389
392,2017-03-02,verified,False,v06dk3e4,o316x197,5390
393,2016-07-19,verified,False,v06dk3e4,pr184lqn,5392
393,2020-09-17,verified,False,v06dk3e4,pr184lqn,5392
395,2016-05-31,verified,False,v06dk3e4,pr184lqn,5395
396,2020-08-03,verified,False,v06dk3e4,pr184lqn,5406
397,2017-06-26,verified,False,v06dk3e4,pr184lqn,5409
398,2020-05-01,verified,False,4p9z06rn,pr184lqn,5410
399,2020-05-10,verified,False,4p9z06rn,e6lxy1dz,5412
400,2015-02-24,verified,False,v06dk3e4,o316x197,5423
401,2018-12-22,verified,False,v06dk3e4,pr184lqn,5431
402,2020-09-02,verified,False,4p9z06rn,,5437
403,2018-10-02,verified,False,v06dk3e4,e6lxy1dz,5438
404,2014-09-02,verified,False,v06dk3e4,o316x197,5441
405,2019-10-29,verified,False,v06dk3e4,o316x197,5446
406,2015-06-19,verified,False,4p9z06rn,e6lxy1dz,5448
407,2020-09-07,verified,False,v06dk3e4,o316x197,5450
408,2019-08-19,verified,False,4p9z06rn,pr184lqn,5454
409,2018-09-09,verified,False,4p9z06rn,,5455
410,2018-12-06,verified,False,4p9z06rn,pr184lqn,5458
411,2017-02-18,verified,False,v06dk3e4,pr184lqn,5460
412,2021-01-10,verified,False,v06dk3e4,e6lxy1dz,5474
413,2014-05-04,verified,False,v06dk3e4,o316x197,5476
414,2020-12-29,verified,False,v06dk3e4,e6lxy1dz,5477
415,2014-12-28,verified,False,v06dk3e4,e6lxy1dz,5479
416,2021-06-18,verified,False,v06dk3e4,o316x197,5487
417,2016-06-15,verified,False,v06dk3e4,pr184lqn,5495
418,2019-02-15,verified,False,v06dk3e4,o316x197,5497
419,2018-02-20,verified,False,v06dk3e4,o316x197,5500
420,2020-09-07,verified,False,4p9z06rn,pr184lqn,5503
421,2015-07-01,verified,False,v06dk3e4,pr184lqn,5504
422,2017-10-10,verified,False,v06dk3e4,pr184lqn,5508
423,2014-08-01,verified,False,v06dk3e4,pr184lqn,5510
424,2018-05-29,verified,False,v06dk3e4,pr184lqn,5511
425,2014-12-27,verified,False,v06dk3e4,pr184lqn,5517
426,2017-10-05,verified,False,4p9z06rn,pr184lqn,5529
427,2014-01-31,verified,False,v06dk3e4,o316x197,5530
428,2019-12-25,verified,False,v06dk3e4,o316x197,5533
429,2019-12-28,verified,False,v06dk3e4,e6lxy1dz,5535
430,2020-05-23,verified,False,v06dk3e4,pr184lqn,5539
431,2014-03-22,verified,False,v06dk3e4,pr184lqn,5541
431,2017-07-23,verified,False,v06dk3e4,,5541
433,2021-06-24,verified,False,v06dk3e4,pr184lqn,5546
434,2017-07-26,verified,False,v06dk3e4,pr184lqn,5550
435,2014-09-07,verified,False,v06dk3e4,o316x197,5555
436,2020-08-03,verified,False,v06dk3e4,pr184lqn,5556
437,2015-03-15,verified,False,v06dk3e4,pr184lqn,5564
438,2015-08-10,verified,False,4p9z06rn,pr184lqn,5568
439,2020-06-15,verified,False,4p9z06rn,e6lxy1dz,5571
440,2017-01-29,verified,False,v06dk3e4,o316x197,5572
441,2014-08-17,verified,False,v06dk3e4,pr184lqn,5578
442,2014-03-23,verified,False,v06dk3e4,o316x197,5581
442,2017-10-20,verified,False,v06dk3e4,pr184lqn,5581
442,2018-04-09,verified,False,v06dk3e4,pr184lqn,5581
445,2020-07-03,verified,False,v06dk3e4,pr184lqn,5586
446,2020-12-12,verified,False,v06dk3e4,e6lxy1dz,5588
447,2019-03-16,verified,False,v06dk3e4,o316x197,5594
448,2016-03-07,verified,False,4p9z06rn,e6lxy1dz,5595
449,2015-06-16,verified,False,4p9z06rn,pr184lqn,5602
450,2014-08-06,verified,False,v06dk3e4,pr184lqn,5603
451,2021-05-30,verified,True,4p9z06rn,pr184lqn,5613
452,2014-04-11,verified,False,v06dk3e4,e6lxy1dz,5624
452,2020-06-20,verified,False,v06dk3e4,e6lxy1dz,5624
452,2021-04-17,verified,False,v06dk3e4,e6lxy1dz,5624
455,2021-03-06,verified,False,v06dk3e4,pr184lqn,5628
456,2016-03-04,verified,False,v06dk3e4,pr184lqn,5631
457,2015-01-22,verified,False,v06dk3e4,pr184lqn,5632
457,2021-06-08,verified,False,v06dk3e4,o316x197,5632
459,2015-04-09,verified,False,v06dk3e4,pr184lqn,5633
459,2021-02-11,verified,False,v06dk3e4,pr184lqn,5633
461,2016-09-23,verified,False,v06dk3e4,pr184lqn,5637
462,2021-06-25,verified,False,4p9z06rn,pr184lqn,5638
463,2015-02-22,verified,False,v06dk3e4,e6lxy1dz,5640
464,2017-10-24,verified,False,4p9z06rn,pr184lqn,5642
465,2017-07-11,verified,False,v06dk3e4,pr184lqn,5643
466,2020-01-01,verified,False,4p9z06rn,e6lxy1dz,5649
467,2013-10-24,verified,False,v06dk3e4,o316x197,5656
468,2019-11-18,verified,False,4p9z06rn,e6lxy1dz,5659
469,2014-10-01,verified,False,v06dk3e4,pr184lqn,5662
470,2013-10-24,verified,False,v06dk3e4,,5663
471,2020-12-09,verified,False,v06dk3e4,o316x197,5666
472,2019-05-25,verified,False,v06dk3e4,o316x197,5667
473,2015-04-09,verified,False,4p9z06rn,pr184lqn,5671
474,2017-08-13,verified,False,4p9z06rn,pr184lqn,5673
475,2015-03-09,verified,False,v06dk3e4,pr184lqn,5674
476,2020-03-28,verified,False,v06dk3e4,pr184lqn,5678
477,2015-04-25,verified,False,v06dk3e4,pr184lqn,5679
478,2017-10-25,verified,False,v06dk3e4,pr184lqn,5681
479,2016-11-22,verified,False,v06dk3e4,o316x197,5685
480,2015-07-06,verified,False,4p9z06rn,pr184lqn,5691
480,2016-08-14,verified,False,v06dk3e4,e6lxy1dz,5691
482,2021-07-13,verified,False,v06dk3e4,pr184lqn,5692
483,2020-08-13,verified,False,4p9z06rn,pr184lqn,5696
484,2017-10-25,verified,False,4p9z06rn,e6lxy1dz,5697
485,2019-02-12,verified,False,v06dk3e4,pr184lqn,5703
486,2017-07-16,verified,False,v06dk3e4,e6lxy1dz,5704
487,2015-04-09,verified,False,v06dk3e4,e6lxy1dz,5711
488,2014-03-14,verified,False,v06dk3e4,pr184lqn,5714
489,2018-05-10,verified,False,v06dk3e4,e6lxy1dz,5717
490,2018-02-23,verified,False,v06dk3e4,e6lxy1dz,5718
491,2018-04-06,verified,True,4p9z06rn,pr184lqn,5723
491,2018-04-07,verified,False,v06dk3e4,,5723
493,2019-06-23,verified,False,v06dk3e4,pr184lqn,5724
494,2021-01-31,verified,False,v06dk3e4,o316x197,5727
494,,verified,False,v06dk3e4,,5727
496,2016-07-23,verified,False,v06dk3e4,o316x197,5730
497,2017-06-01,verified,False,v06dk3e4,o316x197,5733
498,,verified,False,v06dk3e4,,5736
499,2016-10-03,verified,False,4p9z06rn,pr184lqn,5740
499,2019-06-24,verified,False,v06dk3e4,o316x197,5740
501,2020-09-08,verified,False,4p9z06rn,e6lxy1dz,5747
502,2014-05-22,verified,False,v06dk3e4,,5749
503,2016-10-18,verified,False,4p9z06rn,pr184lqn,5751
504,2021-04-11,verified,False,v06dk3e4,e6lxy1dz,5754
505,2019-01-12,verified,False,v06dk3e4,o316x197,5756
506,2020-11-04,verified,True,4p9z06rn,e6lxy1dz,5757
507,2018-07-12,verified,False,v06dk3e4,e6lxy1dz,5758
508,2017-05-15,verified,False,v06dk3e4,e6lxy1dz,5761
509,2018-02-11,verified,False,v06dk3e4,pr184lqn,5763
509,2020-05-22,verified,False,v06dk3e4,pr184lqn,5763
511,2017-01-22,verified,False,v06dk3e4,,5764
512,2020-07-31,verified,False,v06dk3e4,pr184lqn,5767
512,2021-01-20,verified,False,v06dk3e4,pr184lqn,5767
514,2018-04-16,verified,False,v06dk3e4,pr184lqn,5773
515,2020-06-03,verified,False,v06dk3e4,o316x197,5774
516,2016-02-21,verified,False,v06dk3e4,pr184lqn,5776
517,2020-06-02,verified,False,v06dk3e4,pr184lqn,5778
517,2020-08-07,verified,False,4p9z06rn,pr184lqn,5778
519,2019-10-12,verified,False,4p9z06rn,pr184lqn,5787
520,2020-09-26,verified,False,v06dk3e4,pr184lqn,5788
521,2014-04-23,verified,False,v06dk3e4,,5790
522,2014-04-06,verified,False,v06dk3e4,,5798
523,2018-03-31,verified,False,v06dk3e4,e6lxy1dz,5800
524,2014-12-29,verified,False,v06dk3e4,pr184lqn,5801
525,2015-02-12,verified,False,v06dk3e4,pr184lqn,5805
526,2017-01-14,verified,False,v06dk3e4,pr184lqn,5807
527,2014-05-18,verified,False,v06dk3e4,,5811
528,2016-02-15,verified,False,4p9z06rn,o316x197,5819
529,2017-02-21,verified,False,v06dk3e4,o316x197,5820
529,2018-02-25,verified,False,v06dk3e4,pr184lqn,5820
529,2021-07-03,verified,False,v06dk3e4,e6lxy1dz,5820
532,2014-07-31,verified,False,v06dk3e4,,5822
533,2015-06-19,verified,False,v06dk3e4,pr184lqn,5825
534,2014-07-24,verified,False,v06dk3e4,,5826
535,2020-04-02,verified,False,4p9z06rn,pr184lqn,5828
536,2015-03-25,verified,False,v06dk3e4,pr184lqn,5831
537,2016-12-26,verified,False,v06dk3e4,o316x197,5832
538,2017-01-15,verified,False,v06dk3e4,e6lxy1dz,5834
539,2014-07-16,verified,False,v06dk3e4,pr184lqn,5835
540,2017-04-19,verified,False,v06dk3e4,e6lxy1dz,5842
541,2014-03-18,verified,False,v06dk3e4,,5846
542,2020-10-18,verified,False,v06dk3e4,pr184lqn,5849
543,2020-07-06,verified,False,v06dk3e4,pr184lqn,5853
544,2014-07-20,verified,False,v06dk3e4,,5855
544,2015-06-24,verified,False,4p9z06rn,pr184lqn,5855
546,2014-07-19,verified,False,v06dk3e4,,5857
547,2021-04-17,verified,False,v06dk3e4,e6lxy1dz,5862
548,2017-07-31,verified,True,4p9z06rn,pr184lqn,5866
549,2017-02-15,verified,False,v06dk3e4,e6lxy1dz,5868
550,2021-01-13,verified,False,v06dk3e4,pr184lqn,5870
551,2012-11-09,verified,False,v06dk3e4,o316x197,5872
552,2021-02-16,verified,False,v06dk3e4,pr184lqn,5874
553,2014-03-24,verified,False,4p9z06rn,pr184lqn,5875
554,2014-04-12,verified,False,v06dk3e4,,5876
555,2020-06-11,verified,True,v06dk3e4,pr184lqn,5877
556,2021-01-19,verified,False,v06dk3e4,pr184lqn,5878
557,2021-06-17,verified,False,v06dk3e4,pr184lqn,5881
558,2017-02-04,verified,False,v06dk3e4,o316x197,5884
559,2018-01-31,verified,False,v06dk3e4,,5885
560,2014-08-11,verified,False,v06dk3e4,,5887
560,2020-08-04,verified,False,4p9z06rn,pr184lqn,5887
562,2014-06-12,verified,False,v06dk3e4,o316x197,5891
563,2017-07-12,verified,False,4p9z06rn,e6lxy1dz,5898
564,2015-05-28,verified,False,4p9z06rn,pr184lqn,5899
564,2020-02-03,verified,True,4p9z06rn,o316x197,5899
566,2014-02-13,verified,False,v06dk3e4,,5900
567,2017-07-19,verified,False,v06dk3e4,e6lxy1dz,5916
568,2016-12-15,verified,False,v06dk3e4,e6lxy1dz,5918
569,2020-01-12,verified,False,4p9z06rn,,5922
570,2020-01-02,verified,False,v06dk3e4,pr184lqn,5923
571,2011-11-07,verified,False,v06dk3e4,o316x197,5927
572,2014-07-17,verified,False,v06dk3e4,,5930
572,2015-01-23,verified,False,v06dk3e4,pr184lqn,5930
572,2021-02-21,verified,False,v06dk3e4,e6lxy1dz,5930
575,2018-06-04,verified,False,4p9z06rn,pr184lqn,5933
575,2020-09-21,verified,False,v06dk3e4,pr184lqn,5933
577,2021-02-10,verified,False,v06dk3e4,pr184lqn,5934
578,2020-05-25,verified,False,4p9z06rn,pr184lqn,5938
579,2016-09-25,verified,False,v06dk3e4,pr184lqn,5945
580,2018-01-30,verified,False,v06dk3e4,e6lxy1dz,5946
581,2019-01-24,verified,False,v06dk3e4,,5950
582,2017-04-01,verified,False,v06dk3e4,e6lxy1dz,5952
583,2014-05-16,verified,False,v06dk3e4,e6lxy1dz,5958
584,2020-09-12,verified,False,v06dk3e4,e6lxy1dz,5963
584,,verified,False,v06dk3e4,,5963
586,2021-07-13,verified,False,v06dk3e4,o316x197,5966
587,2015-05-22,verified,False,4p9z06rn,e6lxy1dz,5967
587,2016-05-29,verified,False,v06dk3e4,o316x197,5967
589,2015-04-15,verified,False,v06dk3e4,,5972
589,2017-08-01,verified,False,4p9z06rn,,5972
591,2014-06-08,verified,False,v06dk3e4,o316x197,5974
592,2021-07-11,verified,False,4p9z06rn,pr184lqn,5975
593,2015-12-28,verified,False,4p9z06rn,pr184lqn,5981
593,2021-06-25,verified,False,v06dk3e4,pr184lqn,5981
595,2015-08-09,verified,False,v06dk3e4,e6lxy1dz,5989
595,2016-06-11,verified,False,4p9z06rn,pr184lqn,5989
595,2018-01-26,verified,False,v06dk3e4,o316x197,5989
598,2016-09-20,verified,False,v06dk3e4,,5993
599,2017-04-10,verified,True,4p9z06rn,pr184lqn,5997
600,2017-09-29,verified,False,v06dk3e4,pr184lqn,5998
601,2019-07-15,verified,False,v06dk3e4,pr184lqn,6001
602,2016-08-16,verified,False,v06dk3e4,pr184lqn,6006
603,2020-12-06,verified,False,v06dk3e4,e6lxy1dz,6011
604,2012-03-09,verified,False,v06dk3e4,o316x197,6013
604,2015-10-25,verified,False,v06dk3e4,o316x197,6013
606,2015-04-03,verified,False,v06dk3e4,,6015
607,2020-03-30,verified,False,v06dk3e4,pr184lqn,6018
608,2020-01-17,verified,False,4p9z06rn,pr184lqn,6023
609,2015-10-28,verified,False,v06dk3e4,pr184lqn,6030
609,2020-09-19,verified,True,4p9z06rn,pr184lqn,6030
611,2017-06-14,verified,False,v06dk3e4,,6033
612,2016-02-23,verified,False,4p9z06rn,e6lxy1dz,6038
613,2020-05-24,verified,True,v06dk3e4,pr184lqn,6039
614,2021-02-05,verified,False,4p9z06rn,pr184lqn,6042
615,2012-02-11,verified,False,v06dk3e4,,6045
615,2021-04-17,verified,False,v06dk3e4,e6lxy1dz,6045
617,2019-08-19,verified,False,v06dk3e4,pr184lqn,6046
618,2017-02-08,verified,False,v06dk3e4,e6lxy1dz,6050
619,2020-09-21,verified,False,v06dk3e4,o316x197,6055
620,2021-01-09,verified,False,v06dk3e4,pr184lqn,6056
621,,verified,False,v06dk3e4,,6059
622,2017-09-15,verified,False,v06dk3e4,pr184lqn,6060
623,2021-04-18,verified,False,4p9z06rn,pr184lqn,6063
624,2012-07-26,verified,False,4p9z06rn,,6066
625,2017-12-29,verified,False,v06dk3e4,,6074
626,2015-05-28,verified,False,v06dk3e4,pr184lqn,6085
627,2012-03-26,verified,False,v06dk3e4,o316x197,6086
628,2014-06-01,verified,False,v06dk3e4,,6090
629,2015-12-06,verified,False,v06dk3e4,pr184lqn,6093
630,2015-11-25,verified,False,v06dk3e4,e6lxy1dz,6098
631,2016-01-31,verified,False,v06dk3e4,e6lxy1dz,6103
632,2017-12-27,verified,True,4p9z06rn,e6lxy1dz,6105
633,2015-04-20,verified,False,v06dk3e4,pr184lqn,6107
633,2021-06-28,verified,False,v06dk3e4,o316x197,6107
635,,verified,False,v06dk3e4,,6109
636,2016-08-12,verified,True,v06dk3e4,pr184lqn,6121
636,2018-07-17,verified,False,v06dk3e4,pr184lqn,6121
638,2018-07-25,verified,False,v06dk3e4,o316x197,6124
639,2020-02-02,verified,False,4p9z06rn,,6128
640,2019-01-17,verified,False,v06dk3e4,pr184lqn,6129
641,2017-06-07,verified,False,4p9z06rn,pr184lqn,6130
641,2019-10-11,verified,True,4p9z06rn,pr184lqn,6130
643,2016-03-26,verified,False,v06dk3e4,e6lxy1dz,6136
643,2018-02-09,verified,False,v06dk3e4,pr184lqn,6136
645,2020-11-17,verified,False,v06dk3e4,e6lxy1dz,6139
646,2014-06-22,verified,False,v06dk3e4,o316x197,6145
646,2021-01-26,verified,False,v06dk3e4,o316x197,6145
646,2021-06-07,verified,False,v06dk3e4,pr184lqn,6145
649,2014-05-16,verified,False,4p9z06rn,pr184lqn,6146
650,2016-06-20,verified,False,4p9z06rn,,6153
650,2018-05-14,verified,False,v06dk3e4,e6lxy1dz,6153
650,2021-01-21,verified,False,4p9z06rn,e6lxy1dz,6153
653,2017-07-24,verified,False,v06dk3e4,pr184lqn,6154
654,2020-05-19,verified,False,v06dk3e4,e6lxy1dz,6159
655,2016-02-19,verified,False,v06dk3e4,o316x197,6161
656,2014-04-19,verified,False,v06dk3e4,,6168
657,2020-07-04,verified,False,4p9z06rn,pr184lqn,6174
658,2015-08-24,verified,False,v06dk3e4,pr184lqn,6177
659,2015-04-19,verified,False,v06dk3e4,pr184lqn,6179
660,2015-10-26,verified,False,v06dk3e4,pr184lqn,6182
661,2015-02-07,verified,False,v06dk3e4,pr184lqn,6187
662,2020-09-25,verified,False,v06dk3e4,pr184lqn,6189
662,2021-01-12,verified,False,v06dk3e4,pr184lqn,6189
664,2015-05-17,verified,False,v06dk3e4,pr184lqn,6190
665,2016-07-15,verified,False,4p9z06rn,pr184lqn,6192
666,2014-06-28,verified,False,v06dk3e4,,6193
667,2020-11-19,verified,False,v06dk3e4,pr184lqn,6196
668,2020-04-21,verified,False,4p9z06rn,o316x197,6202
669,2020-11-29,verified,True,4p9z06rn,pr184lqn,6211
670,2016-12-26,verified,False,4p9z06rn,o316x197,6216
671,2016-05-29,verified,False,v06dk3e4,o316x197,6223
672,2021-01-18,verified,False,4p9z06rn,pr184lqn,6225
673,2016-08-24,verified,False,v06dk3e4,o316x197,6237
674,2017-12-10,verified,False,v06dk3e4,pr184lqn,6238
675,2018-03-08,verified,False,4p9z06rn,pr184lqn,6241
675,2018-06-09,verified,True,4p9z06rn,o316x197,6241
677,2019-04-29,verified,False,4p9z06rn,pr184lqn,6247
678,2015-08-05,verified,False,4p9z06rn,o316x197,6254
679,2012-10-19,verified,False,v06dk3e4,,6256
680,2020-09-29,verified,True,4p9z06rn,,6268
681,2017-05-02,verified,False,4p9z06rn,pr184lqn,6270
681,2021-06-30,verified,True,4p9z06rn,pr184lqn,6270
683,2015-01-25,verified,False,v06dk3e4,pr184lqn,6271
684,2014-11-12,verified,False,v06dk3e4,o316x197,6274
685,2021-01-02,verified,False,v06dk3e4,o316x197,6280
686,2017-03-18,verified,False,4p9z06rn,pr184lqn,6281
687,2015-03-02,verified,False,v06dk3e4,pr184lqn,6287
688,2016-08-08,verified,False,4p9z06rn,pr184lqn,6291
688,2021-05-31,verified,False,4p9z06rn,pr184lqn,6291
690,2014-03-17,verified,False,v06dk3e4,o316x197,6295
690,2016-07-26,verified,False,4p9z06rn,pr184lqn,6295
692,2015-11-25,verified,False,4p9z06rn,pr184lqn,6296
692,2016-01-02,verified,False,4p9z06rn,pr184lqn,6296
694,2016-03-22,verified,False,4p9z06rn,pr184lqn,6297
695,2014-07-28,verified,False,v06dk3e4,,6304
696,2017-02-13,verified,False,v06dk3e4,pr184lqn,6308
697,2017-10-29,verified,False,v06dk3e4,e6lxy1dz,6313
698,,verified,False,v06dk3e4,,6318
699,2017-01-22,verified,False,4p9z06rn,pr184lqn,6324
700,2020-05-16,verified,True,v06dk3e4,pr184lqn,6326
701,2021-06-03,verified,False,v06dk3e4,pr184lqn,6328
702,2017-11-24,verified,False,v06dk3e4,e6lxy1dz,6339
703,2020-11-26,verified,False,v06dk3e4,pr184lqn,6358
704,2015-03-31,verified,False,v06dk3e4,e6lxy1dz,6361
705,2017-06-04,verified,False,v06dk3e4,pr184lqn,6367
706,2016-12-05,verified,False,v06dk3e4,pr184lqn,6368
707,2020-09-15,verified,False,v06dk3e4,pr184lqn,6374
708,2015-03-15,verified,False,v06dk3e4,pr184lqn,6375
709,,verified,False,v06dk3e4,,6378
710,2015-08-12,verified,False,v06dk3e4,pr184lqn,6383
710,2020-07-28,verified,False,v06dk3e4,o316x197,6383
712,2017-01-21,verified,False,v06dk3e4,pr184lqn,6401
713,2018-12-12,verified,True,4p9z06rn,e6lxy1dz,6403
713,2021-04-03,verified,False,4p9z06rn,pr184lqn,6403
715,,verified,False,v06dk3e4,,6408
716,,verified,False,v06dk3e4,,6413
717,2020-06-07,verified,False,v06dk3e4,pr184lqn,6414
717,2021-03-07,verified,False,v06dk3e4,e6lxy1dz,6414
719,,verified,False,v06dk3e4,,6422
720,2021-07-07,verified,False,4p9z06rn,e6lxy1dz,6423
721,2020-06-15,verified,True,4p9z06rn,pr184lqn,6436
722,2016-03-24,verified,False,4p9z06rn,pr184lqn,6441
723,2015-03-08,verified,False,v06dk3e4,,6445
724,2014-01-13,verified,False,v06dk3e4,pr184lqn,6447
725,2017-05-22,verified,False,4p9z06rn,pr184lqn,6449
726,2011-08-14,verified,False,v06dk3e4,o316x197,6459
727,2017-06-23,verified,False,v06dk3e4,pr184lqn,6462
728,2015-09-30,verified,False,v06dk3e4,pr184lqn,6467
729,2020-06-10,verified,False,4p9z06rn,pr184lqn,6469
730,2016-01-14,verified,False,4p9z06rn,pr184lqn,6475
731,2021-06-30,verified,False,v06dk3e4,pr184lqn,6483
732,2018-12-12,verified,False,4p9z06rn,pr184lqn,6486
733,2020-07-09,verified,False,v06dk3e4,e6lxy1dz,6487
734,2018-04-11,verified,True,4p9z06rn,pr184lqn,6495
735,2018-09-04,verified,False,v06dk3e4,e6lxy1dz,6497
736,2014-12-07,verified,False,v06dk3e4,pr184lqn,6498
737,2018-09-21,verified,False,v06dk3e4,o316x197,6499
738,2015-05-12,verified,False,v06dk3e4,pr184lqn,6503
739,2020-10-01,verified,False,v06dk3e4,pr184lqn,6508
740,2016-06-05,verified,False,v06dk3e4,pr184lqn,6511
741,2018-01-19,verified,False,v06dk3e4,pr184lqn,6519
742,2020-06-11,verified,False,v06dk3e4,pr184lqn,6522
742,2020-08-21,verified,True,4p9z06rn,pr184lqn,6522
744,2017-06-05,verified,False,v06dk3e4,pr184lqn,6524
745,2017-06-24,verified,True,4p9z06rn,pr184lqn,6526
745,2021-03-21,verified,False,v06dk3e4,o316x197,6526
747,2020-05-03,verified,False,4p9z06rn,pr184lqn,6528
748,2019-08-30,verified,False,v06dk3e4,pr184lqn,6533
748,2020-08-14,verified,False,v06dk3e4,pr184lqn,6533
750,2018-08-30,verified,False,v06dk3e4,e6lxy1dz,6534
751,2021-03-01,verified,False,v06dk3e4,pr184lqn,6536
752,2020-06-01,verified,False,v06dk3e4,pr184lqn,6540
753,2020-04-11,verified,False,4p9z06rn,pr184lqn,6552
754,2020-11-10,verified,True,4p9z06rn,pr184lqn,6563
755,2020-09-14,verified,True,4p9z06rn,pr184lqn,6567
756,2011-10-19,verified,False,v06dk3e4,o316x197,6569
757,2018-09-24,verified,False,v06dk3e4,o316x197,6572
758,2021-05-03,verified,False,v06dk3e4,pr184lqn,6574
759,2016-01-10,verified,False,4p9z06rn,pr184lqn,6584
760,2019-07-01,verified,False,v06dk3e4,pr184lqn,6587
761,2020-09-01,verified,True,4p9z06rn,pr184lqn,6588
762,2014-10-03,verified,False,v06dk3e4,pr184lqn,6590
763,2014-05-12,verified,False,v06dk3e4,,6592
764,2018-11-30,verified,False,4p9z06rn,pr184lqn,6593
765,2019-02-09,verified,False,v06dk3e4,e6lxy1dz,6596
765,2021-02-04,verified,True,4p9z06rn,pr184lqn,6596
767,2014-03-04,verified,False,v06dk3e4,e6lxy1dz,6599
768,2015-02-09,verified,False,v06dk3e4,pr184lqn,6614
769,2014-04-04,verified,False,v06dk3e4,,6615
770,2017-02-08,verified,True,4p9z06rn,pr184lqn,6619
771,2019-05-18,verified,False,4p9z06rn,pr184lqn,6633
772,2018-03-31,verified,False,v06dk3e4,o316x197,6637
773,2014-12-31,verified,False,v06dk3e4,pr184lqn,6648
773,2017-05-15,verified,False,v06dk3e4,e6lxy1dz,6648
775,2017-01-05,verified,False,v06dk3e4,o316x197,6662
776,2019-06-07,verified,False,v06dk3e4,o316x197,6664
777,2020-06-06,verified,False,v06dk3e4,pr184lqn,6669
778,2021-07-10,verified,False,v06dk3e4,o316x197,6671
779,2021-01-23,verified,False,4p9z06rn,o316x197,6673
780,2017-09-26,verified,False,4p9z06rn,,6674
781,2017-05-29,verified,False,4p9z06rn,pr184lqn,6689
782,2016-12-02,verified,False,v06dk3e4,o316x197,6696
783,2016-02-24,verified,False,4p9z06rn,pr184lqn,6699
784,2016-01-03,verified,True,4p9z06rn,pr184lqn,6704
785,2015-07-10,verified,True,v06dk3e4,pr184lqn,6707
786,2018-01-24,verified,False,4p9z06rn,o316x197,6708
787,2014-04-18,verified,False,v06dk3e4,pr184lqn,6728
787,2020-10-10,verified,False,v06dk3e4,pr184lqn,6728
789,2017-05-22,verified,False,4p9z06rn,pr184lqn,6735
789,2019-03-15,verified,False,v06dk3e4,e6lxy1dz,6735
791,2016-07-30,verified,False,v06dk3e4,o316x197,6742
792,2016-06-18,verified,False,v06dk3e4,pr184lqn,6746
792,2018-12-08,verified,True,4p9z06rn,pr184lqn,6746
794,2017-02-11,verified,False,v06dk3e4,e6lxy1dz,6749
795,2017-01-28,verified,False,v06dk3e4,o316x197,6751
796,2014-08-10,verified,False,v06dk3e4,o316x197,6752
797,2015-11-04,verified,False,4p9z06rn,pr184lqn,6757
798,2018-07-09,verified,False,4p9z06rn,pr184lqn,6760
799,2019-06-04,verified,True,4p9z06rn,pr184lqn,6762
800,,verified,False,v06dk3e4,,6765
801,2016-01-27,verified,False,v06dk3e4,,6770
802,2017-01-02,verified,False,v06dk3e4,o316x197,6774
803,2015-08-20,verified,False,4p9z06rn,pr184lqn,6785
804,2021-02-08,verified,False,4p9z06rn,pr184lqn,6787
805,2015-11-15,verified,False,v06dk3e4,pr184lqn,6792
806,2020-05-16,verified,False,v06dk3e4,pr184lqn,6804
807,2015-08-22,verified,False,v06dk3e4,e6lxy1dz,6808
808,2014-05-03,verified,False,v06dk3e4,o316x197,6821
808,2014-10-24,verified,False,v06dk3e4,,6821
810,2016-02-03,verified,False,v06dk3e4,e6lxy1dz,6822
811,2016-01-26,verified,False,v06dk3e4,pr184lqn,6824
811,2018-07-09,verified,True,4p9z06rn,e6lxy1dz,6824
811,2021-05-09,verified,True,4p9z06rn,pr184lqn,6824
814,2016-05-21,verified,False,4p9z06rn,e6lxy1dz,6828
815,2018-05-20,verified,False,v06dk3e4,pr184lqn,6829
815,2020-03-16,verified,False,v06dk3e4,pr184lqn,6829
817,2014-12-23,verified,False,v06dk3e4,pr184lqn,6834
818,2014-03-19,verified,False,v06dk3e4,,6839
818,2020-03-10,verified,False,v06dk3e4,pr184lqn,6839
820,2017-05-08,verified,False,v06dk3e4,pr184lqn,6842
821,2021-04-26,verified,False,4p9z06rn,e6lxy1dz,6848
822,2019-03-22,verified,True,4p9z06rn,pr184lqn,6853
823,2015-11-10,verified,False,v06dk3e4,pr184lqn,6860
824,2021-05-16,verified,True,4p9z06rn,pr184lqn,6861
825,2014-07-26,verified,False,v06dk3e4,,6870
825,2014-09-14,verified,False,v06dk3e4,o316x197,6870
827,2016-07-27,verified,False,v06dk3e4,pr184lqn,6873
827,2021-02-06,verified,True,4p9z06rn,pr184lqn,6873
829,2019-01-17,verified,False,4p9z06rn,pr184lqn,6875
830,2016-12-15,verified,False,4p9z06rn,pr184lqn,6883
831,2020-07-25,verified,False,v06dk3e4,e6lxy1dz,6884
832,2014-12-24,verified,False,v06dk3e4,e6lxy1dz,6885
832,2015-10-25,verified,False,4p9z06rn,pr184lqn,6885
832,2020-04-10,verified,True,4p9z06rn,pr184lqn,6885
835,2020-09-08,verified,False,4p9z06rn,pr184lqn,6888
836,2020-12-05,verified,False,v06dk3e4,e6lxy1dz,6892
837,2018-01-08,verified,False,v06dk3e4,o316x197,6895
838,2020-04-06,verified,False,v06dk3e4,pr184lqn,6896
839,2021-01-19,verified,False,v06dk3e4,e6lxy1dz,6902
840,2020-07-08,verified,False,v06dk3e4,pr184lqn,6905
841,2016-06-04,verified,False,4p9z06rn,e6lxy1dz,6907
842,2016-01-21,verified,False,v06dk3e4,pr184lqn,6911
843,2017-02-24,verified,False,v06dk3e4,pr184lqn,6913
844,2020-10-07,verified,False,v06dk3e4,pr184lqn,6915
845,2015-02-24,verified,False,v06dk3e4,pr184lqn,6916
846,2015-12-21,verified,False,v06dk3e4,e6lxy1dz,6929
847,2017-07-12,verified,False,v06dk3e4,pr184lqn,6931
848,2020-08-30,verified,False,v06dk3e4,pr184lqn,6932
849,2015-05-30,verified,False,4p9z06rn,pr184lqn,6936
850,2020-06-22,verified,True,4p9z06rn,pr184lqn,6941
851,2017-02-06,verified,False,v06dk3e4,o316x197,6947
852,2008-12-05,verified,False,4p9z06rn,,6950
853,2020-09-04,verified,True,4p9z06rn,e6lxy1dz,6952
854,2016-01-02,verified,True,4p9z06rn,pr184lqn,6956
855,,verified,False,v06dk3e4,,6960
856,2019-02-02,verified,False,4p9z06rn,pr184lqn,6963
857,2019-06-14,verified,False,v06dk3e4,pr184lqn,6970
858,2020-05-01,verified,False,4p9z06rn,pr184lqn,6975
859,2016-09-09,verified,False,v06dk3e4,,6982
860,2011-03-28,verified,False,v06dk3e4,o316x197,6995
861,2017-11-26,verified,False,4p9z06rn,e6lxy1dz,6996
862,,verified,False,v06dk3e4,,7010
863,2015-07-15,verified,False,v06dk3e4,pr184lqn,7012
864,2019-03-24,verified,False,4p9z06rn,pr184lqn,7013
865,2020-08-07,verified,True,4p9z06rn,pr184lqn,7020
866,2020-08-14,verified,False,v06dk3e4,pr184lqn,7021
867,2015-08-22,verified,False,4p9z06rn,e6lxy1dz,7025
867,2020-12-16,verified,False,4p9z06rn,pr184lqn,7025
869,2014-06-14,verified,False,v06dk3e4,,7026
869,2019-06-27,verified,False,v06dk3e4,pr184lqn,7026
871,2018-09-25,verified,False,v06dk3e4,pr184lqn,7027
872,2017-10-18,verified,False,4p9z06rn,pr184lqn,7038
873,2015-10-07,verified,False,4p9z06rn,pr184lqn,7039
874,2013-06-24,verified,False,v06dk3e4,pr184lqn,7044
875,2016-02-26,verified,False,4p9z06rn,pr184lqn,7056
876,2020-09-22,verified,False,4p9z06rn,o316x197,7057
877,2014-03-18,verified,False,v06dk3e4,,7067
878,2014-09-02,verified,False,v06dk3e4,o316x197,7068
879,2015-02-21,verified,False,v06dk3e4,pr184lqn,7069
879,2017-04-10,verified,False,4p9z06rn,pr184lqn,7069
879,2021-01-01,verified,True,4p9z06rn,pr184lqn,7069
882,2020-10-11,verified,False,v06dk3e4,pr184lqn,7070
883,2016-06-18,verified,False,v06dk3e4,pr184lqn,7071
884,2020-06-11,verified,False,v06dk3e4,pr184lqn,7080
885,2017-07-17,verified,True,4p9z06rn,pr184lqn,7081
886,2016-07-09,verified,False,v06dk3e4,pr184lqn,7088
887,2018-09-20,verified,False,v06dk3e4,pr184lqn,7093
888,,verified,False,v06dk3e4,,7099
889,2015-03-10,verified,False,v06dk3e4,e6lxy1dz,7101
889,2019-07-15,verified,False,4p9z06rn,pr184lqn,7101
891,2015-10-16,verified,False,v06dk3e4,o316x197,7104
892,2018-03-06,verified,False,v06dk3e4,pr184lqn,7107
893,2015-04-29,verified,False,4p9z06rn,pr184lqn,7109
894,2015-06-01,verified,False,v06dk3e4,e6lxy1dz,7113
895,,verified,False,v06dk3e4,,7123
896,2017-03-18,verified,False,4p9z06rn,e6lxy1dz,7124
897,2021-05-24,verified,False,4p9z06rn,pr184lqn,7125
898,2015-07-06,verified,False,4p9z06rn,pr184lqn,7126
899,2021-01-20,verified,False,4p9z06rn,pr184lqn,7129
900,2014-02-11,verified,False,v06dk3e4,,7132
900,2017-11-03,verified,False,v06dk3e4,pr184lqn,7132
902,2017-01-21,verified,True,4p9z06rn,pr184lqn,7137
903,2015-02-13,verified,False,v06dk3e4,,7142
904,2014-08-28,verified,False,v06dk3e4,o316x197,7144
904,2021-04-10,verified,False,v06dk3e4,pr184lqn,7144
906,2018-09-05,verified,False,v06dk3e4,pr184lqn,7149
907,2019-10-06,verified,True,4p9z06rn,pr184lqn,7153
908,2020-06-02,verified,False,v06dk3e4,pr184lqn,7156
909,,verified,False,v06dk3e4,,7162
910,2016-07-16,verified,True,4p9z06rn,o316x197,7163
911,2018-12-21,verified,False,v06dk3e4,e6lxy1dz,7171
912,2014-08-03,verified,False,v06dk3e4,,7172
912,2020-05-19,verified,False,v06dk3e4,pr184lqn,7172
914,2019-04-17,verified,False,4p9z06rn,pr184lqn,7174
915,2014-01-26,verified,False,v06dk3e4,,7178
916,2016-12-22,verified,False,4p9z06rn,pr184lqn,7179
916,2018-11-15,verified,False,4p9z06rn,pr184lqn,7179
918,2014-04-05,verified,False,v06dk3e4,,7180
918,2019-10-16,verified,True,4p9z06rn,pr184lqn,7180
920,2015-10-17,verified,False,4p9z06rn,e6lxy1dz,7181
921,2014-12-15,verified,False,v06dk3e4,pr184lqn,7185
922,2018-04-14,verified,False,4p9z06rn,pr184lqn,7187
923,2017-06-17,verified,False,v06dk3e4,pr184lqn,7188
924,2016-02-13,verified,False,v06dk3e4,pr184lqn,7190
925,2021-03-18,verified,False,4p9z06rn,pr184lqn,7193
926,2021-03-13,verified,True,4p9z06rn,pr184lqn,7195
927,2018-12-19,verified,False,4p9z06rn,pr184lqn,7196
927,2020-03-23,verified,False,v06dk3e4,pr184lqn,7196
929,2021-01-25,verified,False,v06dk3e4,pr184lqn,7199
930,2014-07-26,verified,False,v06dk3e4,pr184lqn,7200
931,2019-05-07,verified,False,v06dk3e4,pr184lqn,7211
932,2015-04-14,verified,False,v06dk3e4,pr184lqn,7220
933,2015-08-24,verified,False,4p9z06rn,pr184lqn,7230
933,2019-01-12,verified,False,v06dk3e4,e6lxy1dz,7230
935,,verified,False,v06dk3e4,,7233
936,2014-03-07,verified,False,v06dk3e4,pr184lqn,7245
937,2018-03-31,verified,False,v06dk3e4,pr184lqn,7246
938,2019-03-13,verified,False,4p9z06rn,pr184lqn,7256
939,2016-12-18,verified,False,4p9z06rn,pr184lqn,7260
940,2014-12-25,verified,False,v06dk3e4,pr184lqn,7265
941,,verified,False,v06dk3e4,,7271
942,2015-11-15,verified,False,v06dk3e4,e6lxy1dz,7281
943,2018-07-07,verified,False,4p9z06rn,pr184lqn,7285
943,2020-12-26,verified,False,4p9z06rn,pr184lqn,7285
945,2020-02-22,verified,False,v06dk3e4,pr184lqn,7289
946,2015-05-25,verified,True,4p9z06rn,pr184lqn,7301
947,2017-01-06,verified,False,v06dk3e4,e6lxy1dz,7306
948,2021-03-23,verified,False,4p9z06rn,pr184lqn,7310
949,2010-09-19,verified,False,v06dk3e4,,7314
950,2015-06-23,verified,False,4p9z06rn,e6lxy1dz,7317
951,2016-07-24,verified,False,v06dk3e4,o316x197,7319
952,2020-06-27,verified,True,4p9z06rn,pr184lqn,7323
953,2020-10-03,verified,True,4p9z06rn,e6lxy1dz,7326
954,2021-03-10,verified,True,4p9z06rn,,7327
955,2016-01-04,verified,False,v06dk3e4,o316x197,7334
956,2019-01-23,verified,True,v06dk3e4,e6lxy1dz,7351
957,2018-07-04,verified,True,4p9z06rn,pr184lqn,7352
958,2020-02-02,verified,False,v06dk3e4,pr184lqn,7353
959,2020-10-30,verified,False,4p9z06rn,pr184lqn,7361
960,2015-08-16,verified,False,4p9z06rn,e6lxy1dz,7377
961,2014-08-01,verified,False,v06dk3e4,,7380
962,2016-01-27,verified,False,v06dk3e4,pr184lqn,7383
963,2020-12-23,verified,False,4p9z06rn,pr184lqn,7388
964,2021-04-30,verified,False,v06dk3e4,o316x197,7390
965,2016-07-04,verified,False,v06dk3e4,pr184lqn,7395
966,2015-04-18,verified,False,v06dk3e4,e6lxy1dz,7402
966,2015-07-15,verified,True,4p9z06rn,pr184lqn,7402
968,2014-11-21,verified,False,v06dk3e4,e6lxy1dz,7404
969,2017-05-10,verified,False,v06dk3e4,pr184lqn,7405
969,2020-04-04,verified,False,4p9z06rn,pr184lqn,7405
971,2016-07-09,verified,False,4p9z06rn,pr184lqn,7418
972,2017-03-11,verified,True,4p9z06rn,pr184lqn,7422
973,2016-11-06,verified,False,v06dk3e4,pr184lqn,7429
974,2015-08-08,verified,False,4p9z06rn,pr184lqn,7431
975,2020-11-24,verified,True,4p9z06rn,e6lxy1dz,7439
976,2020-01-05,verified,False,4p9z06rn,e6lxy1dz,7445
977,2017-04-14,verified,False,4p9z06rn,pr184lqn,7448
978,2020-04-17,verified,False,4p9z06rn,pr184lqn,7456
979,2019-07-21,verified,True,4p9z06rn,pr184lqn,7459
980,2015-02-27,verified,False,v06dk3e4,e6lxy1dz,7463
981,2015-04-04,verified,False,v06dk3e4,pr184lqn,7487
982,2020-03-28,verified,True,4p9z06rn,pr184lqn,7493
983,,verified,False,v06dk3e4,,7501
984,2014-09-28,verified,False,v06dk3e4,pr184lqn,7505
984,2020-03-14,verified,True,4p9z06rn,e6lxy1dz,7505
986,2020-07-07,verified,False,v06dk3e4,o316x197,7512
987,2014-08-05,verified,False,v06dk3e4,e6lxy1dz,7514
988,2021-05-25,verified,False,v06dk3e4,o316x197,7517
989,2016-06-04,verified,False,v06dk3e4,pr184lqn,7531
990,2016-07-27,verified,False,4p9z06rn,pr184lqn,7534
991,2017-04-04,verified,False,v06dk3e4,pr184lqn,7539
992,,verified,False,v06dk3e4,,7544
993,2020-06-16,verified,False,4p9z06rn,pr184lqn,7545
994,2020-10-06,verified,False,v06dk3e4,e6lxy1dz,7559
995,2020-11-05,verified,False,v06dk3e4,e6lxy1dz,7562
996,2015-04-11,verified,False,v06dk3e4,e6lxy1dz,7563
996,2018-03-01,verified,False,v06dk3e4,o316x197,7563
998,,verified,False,v06dk3e4,,7576
999,2019-04-26,verified,True,4p9z06rn,pr184lqn,7579
1000,2016-08-10,verified,False,4p9z06rn,pr184lqn,7581
1001,2018-09-26,verified,True,4p9z06rn,pr184lqn,7586
1002,2018-03-01,verified,False,v06dk3e4,,7587
1003,2019-10-06,verified,False,v06dk3e4,e6lxy1dz,7588
1004,2017-01-02,verified,False,v06dk3e4,o316x197,7593
1005,2020-11-15,verified,True,4p9z06rn,pr184lqn,7607
1006,2015-11-11,verified,False,4p9z06rn,,7608
1007,2020-08-10,verified,False,v06dk3e4,pr184lqn,7632
1008,2015-04-12,verified,False,v06dk3e4,e6lxy1dz,7646
1008,2015-10-25,verified,False,4p9z06rn,e6lxy1dz,7646
1010,2015-09-18,verified,False,v06dk3e4,pr184lqn,7651
1011,2014-03-22,verified,False,v06dk3e4,,7652
1012,2019-11-28,verified,True,4p9z06rn,pr184lqn,7653
1013,2015-02-28,verified,False,v06dk3e4,pr184lqn,7662
1014,2018-07-22,verified,False,4p9z06rn,pr184lqn,7663
1015,2016-07-25,verified,False,4p9z06rn,pr184lqn,7673
1015,2017-07-01,verified,False,v06dk3e4,pr184lqn,7673
1017,,verified,False,v06dk3e4,,7683
1018,2014-11-30,verified,False,v06dk3e4,,7708
1019,2016-08-12,verified,False,4p9z06rn,pr184lqn,7716
1020,2017-11-17,verified,False,v06dk3e4,pr184lqn,7717
1021,2018-05-08,verified,True,4p9z06rn,pr184lqn,7729
1022,2016-10-05,verified,False,v06dk3e4,pr184lqn,7748
1023,,verified,False,v06dk3e4,,7752
1024,2020-04-20,verified,False,v06dk3e4,pr184lqn,7754
1025,2020-10-14,verified,False,4p9z06rn,pr184lqn,7776
1026,2014-03-26,verified,False,4p9z06rn,pr184lqn,7787
1027,2015-08-19,verified,False,4p9z06rn,e6lxy1dz,7792
1028,2021-04-19,verified,False,v06dk3e4,pr184lqn,7798
1029,2017-04-09,verified,False,4p9z06rn,pr184lqn,7803
1030,2016-04-02,verified,False,4p9z06rn,pr184lqn,7821
1031,2020-09-14,verified,False,4p9z06rn,pr184lqn,7837
1032,2020-10-18,verified,False,4p9z06rn,e6lxy1dz,7858
1033,2017-06-04,verified,True,4p9z06rn,e6lxy1dz,7860
1034,2018-06-15,verified,False,v06dk3e4,,7864
1035,2020-10-10,verified,False,4p9z06rn,e6lxy1dz,7872
1036,2021-07-14,verified,False,v06dk3e4,o316x197,7874
1037,2015-06-04,verified,False,v06dk3e4,pr184lqn,7882
1037,2020-10-11,verified,False,4p9z06rn,pr184lqn,7882
1039,2021-03-26,verified,False,4p9z06rn,e6lxy1dz,7889
1040,2020-07-11,verified,False,v06dk3e4,pr184lqn,7892
1041,,verified,False,v06dk3e4,,7900
1042,2021-01-02,verified,True,4p9z06rn,e6lxy1dz,7912
1043,2021-05-10,verified,False,v06dk3e4,,7922
1044,,verified,False,v06dk3e4,,7933
1045,2017-06-25,verified,True,4p9z06rn,pr184lqn,7936
1046,2016-01-24,verified,False,v06dk3e4,pr184lqn,7938
1047,2014-04-21,verified,False,v06dk3e4,pr184lqn,7945
1048,2017-01-31,verified,False,v06dk3e4,pr184lqn,7951
1049,,verified,False,v06dk3e4,,7952
1050,,verified,False,v06dk3e4,,7954
1051,2018-11-13,verified,False,4p9z06rn,pr184lqn,7956
1052,2018-11-04,verified,False,v06dk3e4,pr184lqn,7973
1053,2016-08-11,verified,False,v06dk3e4,pr184lqn,7982
1054,2020-10-18,verified,False,4p9z06rn,pr184lqn,7986
1055,2020-10-06,verified,False,v06dk3e4,,8023
1056,2017-03-05,verified,False,v06dk3e4,o316x197,8031
1057,2015-08-15,verified,False,4p9z06rn,pr184lqn,8032
1057,2020-05-01,verified,True,4p9z06rn,pr184lqn,8032
1059,2020-12-09,verified,False,4p9z06rn,pr184lqn,8033
1060,2015-04-15,verified,False,v06dk3e4,pr184lqn,8038
1061,,verified,False,v06dk3e4,,8044
1062,2018-12-24,verified,False,4p9z06rn,pr184lqn,8050
1063,2014-02-18,verified,False,v06dk3e4,,8056
1064,2015-10-25,verified,False,4p9z06rn,pr184lqn,8066
1065,2017-05-05,verified,True,4p9z06rn,pr184lqn,8077
1066,2015-02-10,verified,False,v06dk3e4,pr184lqn,8080
1067,2020-04-18,verified,False,v06dk3e4,,8108
1068,2015-09-22,verified,False,v06dk3e4,pr184lqn,8149
1069,2016-02-18,verified,False,4p9z06rn,pr184lqn,8166
1070,2020-09-10,verified,False,4p9z06rn,pr184lqn,8170
1071,2016-02-22,verified,False,4p9z06rn,pr184lqn,8172
1072,2016-12-21,verified,False,v06dk3e4,pr184lqn,8178
1073,2013-09-23,verified,False,v06dk3e4,,8180
1074,2020-09-29,verified,True,4p9z06rn,e6lxy1dz,8188
1074,,verified,False,v06dk3e4,,8188
1076,2021-04-05,verified,True,4p9z06rn,pr184lqn,8195
1077,2015-03-30,verified,False,v06dk3e4,e6lxy1dz,8221
1078,2014-09-18,verified,False,v06dk3e4,,8227
1079,2014-07-09,verified,False,v06dk3e4,,8241
1080,2020-09-07,verified,False,4p9z06rn,pr184lqn,8283
1081,2020-04-26,verified,True,v06dk3e4,e6lxy1dz,8284
1082,2017-08-13,verified,False,4p9z06rn,pr184lqn,8300
1083,,verified,False,v06dk3e4,,8314
1084,2019-10-30,verified,False,v06dk3e4,pr184lqn,8319
1085,2019-09-07,verified,False,v06dk3e4,o316x197,8321
1086,2018-02-25,verified,False,4p9z06rn,pr184lqn,8342
1087,2021-03-08,verified,False,v06dk3e4,o316x197,8362
1088,2016-12-22,verified,False,4p9z06rn,pr184lqn,8389
1089,2014-11-15,verified,False,v06dk3e4,,8400
1090,2017-05-17,verified,False,4p9z06rn,pr184lqn,8416
1091,2016-02-26,verified,False,4p9z06rn,pr184lqn,8424
1092,2018-11-21,verified,False,4p9z06rn,pr184lqn,8425
1093,2016-11-18,verified,False,v06dk3e4,pr184lqn,8449
1094,2019-02-13,verified,False,v06dk3e4,pr184lqn,8454
1095,2018-07-28,verified,False,4p9z06rn,e6lxy1dz,8456
1096,2014-03-16,verified,False,v06dk3e4,,8466
1097,2020-06-20,verified,False,v06dk3e4,pr184lqn,8467
1098,2020-09-20,verified,False,v06dk3e4,e6lxy1dz,8477
1099,2020-07-14,verified,False,4p9z06rn,pr184lqn,8487
1100,2015-06-23,verified,False,v06dk3e4,pr184lqn,8515
1101,2018-12-24,verified,True,v06dk3e4,o316x197,8521
1102,2015-10-15,verified,False,4p9z06rn,pr184lqn,8553
1103,2014-05-01,verified,False,v06dk3e4,,8556
1104,2021-06-19,verified,True,4p9z06rn,o316x197,8563
1105,2014-08-10,verified,False,v06dk3e4,,8567
1106,2017-06-30,verified,True,4p9z06rn,pr184lqn,8570
1107,2016-09-09,verified,False,v06dk3e4,,8633
1108,2017-07-03,verified,False,v06dk3e4,o316x197,8683
1109,2016-02-12,verified,False,4p9z06rn,pr184lqn,8690
1110,2017-09-26,verified,False,4p9z06rn,pr184lqn,8699
1111,2014-10-10,verified,False,v06dk3e4,,8708
1112,2014-01-02,verified,False,v06dk3e4,,8712
1113,2014-06-23,verified,False,v06dk3e4,pr184lqn,8719
1114,2018-02-12,verified,False,v06dk3e4,pr184lqn,8732
1115,2014-07-19,verified,False,v06dk3e4,o316x197,8740
1116,2018-09-16,verified,True,4p9z06rn,pr184lqn,8745
1117,2017-09-23,verified,False,4p9z06rn,pr184lqn,8748
1118,2020-04-08,verified,True,4p9z06rn,pr184lqn,8754
1119,2014-11-17,verified,False,v06dk3e4,e6lxy1dz,8759
1120,2019-11-09,verified,False,v06dk3e4,e6lxy1dz,8765
1121,,verified,False,v06dk3e4,,8776
1122,2020-03-28,verified,False,v06dk3e4,pr184lqn,8780
1123,2014-04-28,verified,False,v06dk3e4,pr184lqn,8786
1124,2020-04-02,verified,False,v06dk3e4,pr184lqn,8793
1125,2020-02-19,verified,False,v06dk3e4,pr184lqn,8794
1126,2013-02-07,verified,False,v06dk3e4,pr184lqn,8809
1127,2016-07-04,verified,False,4p9z06rn,pr184lqn,8820
1128,2014-03-23,verified,False,v06dk3e4,,8822
1129,2014-12-15,verified,False,v06dk3e4,pr184lqn,8826
1130,2021-05-30,verified,False,v06dk3e4,pr184lqn,8838
1131,2016-04-01,verified,False,4p9z06rn,pr184lqn,8840
1132,2020-09-14,verified,False,v06dk3e4,pr184lqn,8866
1133,2014-05-02,verified,False,v06dk3e4,o316x197,8871
1134,2018-10-16,verified,False,v06dk3e4,,8876
1135,2017-08-10,verified,False,v06dk3e4,o316x197,8886
1136,2020-06-06,verified,True,4p9z06rn,pr184lqn,8911
1137,2020-07-13,verified,False,4p9z06rn,pr184lqn,8930
1138,2015-07-23,verified,False,4p9z06rn,pr184lqn,8932
1139,2016-06-13,verified,False,v06dk3e4,pr184lqn,8946
1140,2015-03-31,verified,False,v06dk3e4,pr184lqn,8957
1141,2020-11-22,verified,False,v06dk3e4,e6lxy1dz,8986
1142,2016-02-10,verified,False,v06dk3e4,pr184lqn,8988
1143,2019-11-22,verified,False,v06dk3e4,o316x197,8994
1144,2015-01-24,verified,False,v06dk3e4,o316x197,9020
1145,,verified,False,v06dk3e4,,9051
1146,2014-12-06,verified,False,v06dk3e4,pr184lqn,9064
1147,2019-05-20,verified,False,4p9z06rn,pr184lqn,9074
1147,2021-01-28,verified,True,v06dk3e4,pr184lqn,9074
1149,2016-01-21,verified,False,v06dk3e4,pr184lqn,9113
1150,2020-07-04,verified,False,v06dk3e4,e6lxy1dz,9117
1151,2021-02-14,verified,True,v06dk3e4,pr184lqn,9118
1152,2021-02-01,verified,False,4p9z06rn,e6lxy1dz,9135
1153,2016-01-14,verified,False,v06dk3e4,pr184lqn,9143
1154,2020-11-17,verified,True,4p9z06rn,pr184lqn,9160
1154,,verified,False,v06dk3e4,,9160
1154,,verified,False,v06dk3e4,,9160
1157,2016-07-03,verified,False,v06dk3e4,e6lxy1dz,9202
1158,2020-10-09,verified,True,4p9z06rn,pr184lqn,9212
1159,2017-06-19,verified,False,4p9z06rn,pr184lqn,9232
1160,2018-07-10,verified,False,v06dk3e4,pr184lqn,9249
1161,2018-02-04,verified,False,v06dk3e4,pr184lqn,9252
1162,2014-01-20,verified,False,v06dk3e4,,9260
1163,2020-07-13,verified,False,4p9z06rn,o316x197,9310
1164,2019-03-30,verified,True,4p9z06rn,e6lxy1dz,9323
1165,2013-07-07,verified,False,v06dk3e4,,9325
1166,2021-06-03,verified,True,4p9z06rn,e6lxy1dz,9329
1167,2015-04-16,verified,False,v06dk3e4,pr184lqn,9343
1168,2020-06-01,verified,True,4p9z06rn,pr184lqn,9349
1169,2015-03-03,verified,False,v06dk3e4,,9358
1170,2016-06-09,verified,False,v06dk3e4,pr184lqn,9359
1171,2017-10-04,verified,False,4p9z06rn,pr184lqn,9379
1172,2018-10-16,verified,False,4p9z06rn,pr184lqn,9420
1173,2020-10-24,verified,False,4p9z06rn,pr184lqn,9477
1174,2020-11-14,verified,True,4p9z06rn,,9507
1175,2015-06-06,verified,False,4p9z06rn,pr184lqn,9522
1176,2020-10-11,verified,False,4p9z06rn,pr184lqn,9531
1177,2017-01-09,verified,False,v06dk3e4,,9533
1178,,verified,False,v06dk3e4,,9551
1179,2016-07-05,verified,False,v06dk3e4,pr184lqn,9608
1180,2018-04-16,verified,False,4p9z06rn,pr184lqn,9612
1181,2013-05-03,verified,False,v06dk3e4,pr184lqn,9632
1182,2020-03-25,verified,False,v06dk3e4,pr184lqn,9652
1183,2014-09-02,verified,False,v06dk3e4,pr184lqn,9687
1184,2021-07-04,verified,True,v06dk3e4,pr184lqn,9696
1185,2020-12-14,verified,False,4p9z06rn,o316x197,9700
1186,2017-02-24,verified,False,v06dk3e4,pr184lqn,9703
1187,2021-02-06,verified,True,4p9z06rn,pr184lqn,9705
1188,2014-03-14,verified,False,4p9z06rn,pr184lqn,9758
1189,2020-08-27,verified,False,4p9z06rn,e6lxy1dz,9763
1190,,verified,False,v06dk3e4,,9772
1191,2018-06-12,verified,True,4p9z06rn,e6lxy1dz,9793
1192,2019-04-22,verified,False,v06dk3e4,pr184lqn,9803
1193,2017-02-27,verified,False,v06dk3e4,pr184lqn,9819
1194,,verified,False,v06dk3e4,,9869
1195,2016-07-20,verified,False,v06dk3e4,pr184lqn,9878
1196,2017-12-07,verified,False,v06dk3e4,pr184lqn,9939
1197,,verified,False,v06dk3e4,,9942
1198,2020-08-27,verified,False,v06dk3e4,e6lxy1dz,9989
1199,2020-12-20,verified,False,4p9z06rn,pr184lqn,10027
1200,2019-11-26,verified,False,v06dk3e4,pr184lqn,10037
1200,2021-01-03,verified,True,4p9z06rn,pr184lqn,10037
1202,2016-12-19,verified,False,v06dk3e4,pr184lqn,10052
1203,2020-12-24,verified,False,v06dk3e4,pr184lqn,10063
1204,2016-09-28,verified,False,4p9z06rn,pr184lqn,10071
1205,2017-08-18,verified,False,4p9z06rn,pr184lqn,10144
1206,2016-07-26,verified,True,4p9z06rn,pr184lqn,10152
1206,,verified,False,v06dk3e4,,10152
1208,2020-04-04,verified,False,4p9z06rn,o316x197,10164
1209,2021-01-03,verified,True,4p9z06rn,pr184lqn,10187
1210,,verified,False,v06dk3e4,,10198
1211,2020-07-29,verified,False,4p9z06rn,e6lxy1dz,10201
1212,2019-04-17,verified,False,4p9z06rn,o316x197,10221
1213,2016-11-08,verified,False,4p9z06rn,pr184lqn,10253
1214,2021-03-22,verified,False,v06dk3e4,e6lxy1dz,10267
1215,2020-06-24,verified,False,4p9z06rn,pr184lqn,10290
1216,2017-08-31,verified,True,4p9z06rn,pr184lqn,10315
1217,2020-04-19,verified,False,v06dk3e4,pr184lqn,10316
1218,2020-03-28,verified,True,4p9z06rn,e6lxy1dz,10371
1219,2018-10-08,verified,True,4p9z06rn,pr184lqn,10382
1220,2018-02-13,verified,False,4p9z06rn,pr184lqn,10399
1221,2014-08-16,verified,False,v06dk3e4,,10433
1222,2014-03-14,verified,False,v06dk3e4,,10457
1223,2020-05-29,verified,False,4p9z06rn,pr184lqn,10467
1224,,verified,False,v06dk3e4,,10473
1225,2013-07-19,verified,False,v06dk3e4,o316x197,10510
1226,2014-11-14,verified,False,v06dk3e4,pr184lqn,10573
1227,2015-04-30,verified,False,v06dk3e4,o316x197,10598
1228,2020-11-05,verified,False,4p9z06rn,pr184lqn,10600
1229,2016-12-10,verified,False,v06dk3e4,pr184lqn,10603
1230,2020-11-27,verified,False,4p9z06rn,pr184lqn,10636
1231,2020-03-22,verified,True,4p9z06rn,pr184lqn,10670
1232,2017-02-22,verified,True,4p9z06rn,pr184lqn,10700
1233,2014-08-08,verified,False,v06dk3e4,e6lxy1dz,10724
1234,2017-10-04,verified,False,4p9z06rn,pr184lqn,10742
1235,2011-09-09,verified,False,v06dk3e4,o316x197,10801
1236,2018-04-03,verified,False,v06dk3e4,pr184lqn,10824
1237,2020-04-22,verified,False,v06dk3e4,pr184lqn,10840
1238,2015-12-30,verified,False,4p9z06rn,pr184lqn,10860
1239,2018-12-12,verified,False,4p9z06rn,pr184lqn,10861
1239,2020-06-18,verified,False,4p9z06rn,pr184lqn,10861
1241,2016-09-06,verified,False,4p9z06rn,pr184lqn,10947
1242,2020-04-29,verified,True,4p9z06rn,pr184lqn,10989
1243,2017-07-27,verified,False,4p9z06rn,pr184lqn,11099
1244,2017-10-12,verified,True,4p9z06rn,pr184lqn,11175
1245,,verified,False,v06dk3e4,,11265
1246,2016-08-10,verified,True,4p9z06rn,,11346
1247,2020-07-10,verified,True,v06dk3e4,o316x197,11363
1248,2020-03-26,verified,False,4p9z06rn,pr184lqn,11416
1249,2019-02-21,verified,False,v06dk3e4,e6lxy1dz,11423
1250,2018-12-05,verified,False,4p9z06rn,,11514
1251,2019-12-14,verified,True,4p9z06rn,o316x197,11536
1252,2015-12-21,verified,False,v06dk3e4,pr184lqn,11550
1253,2017-07-28,verified,False,4p9z06rn,pr184lqn,11732
1254,2020-03-31,verified,False,4p9z06rn,pr184lqn,11808
1255,2016-10-28,verified,False,v06dk3e4,pr184lqn,11969
1256,2017-12-17,verified,False,v06dk3e4,e6lxy1dz,12058
1257,2018-07-12,verified,True,4p9z06rn,pr184lqn,12071
1258,2020-04-16,verified,False,4p9z06rn,pr184lqn,12120
1259,2015-01-30,verified,False,v06dk3e4,pr184lqn,12132
1260,2015-04-18,verified,False,v06dk3e4,pr184lqn,12213
1261,2016-11-04,verified,False,v06dk3e4,pr184lqn,12290
1262,2020-10-06,verified,False,v06dk3e4,e6lxy1dz,12344
1263,2021-04-27,verified,False,v06dk3e4,pr184lqn,12405
1264,2019-12-29,verified,True,4p9z06rn,pr184lqn,12439
1265,2020-11-21,verified,True,4p9z06rn,pr184lqn,12537
1266,2016-01-07,verified,False,v06dk3e4,e6lxy1dz,12569
1267,2017-08-26,verified,False,v06dk3e4,pr184lqn,12587
1268,2021-07-10,verified,True,4p9z06rn,,12600
1269,2018-06-21,verified,False,4p9z06rn,pr184lqn,12628
1270,2017-07-10,verified,False,v06dk3e4,,12727
1271,2017-12-30,verified,False,v06dk3e4,o316x197,12884
1272,2017-10-15,verified,False,4p9z06rn,e6lxy1dz,12949
1273,2020-10-11,verified,True,4p9z06rn,pr184lqn,13237
1274,2021-02-01,verified,False,4p9z06rn,pr184lqn,13269
1275,2020-10-10,verified,False,v06dk3e4,pr184lqn,13310
1276,2020-03-22,verified,False,v06dk3e4,e6lxy1dz,13375
1277,2018-04-04,verified,False,4p9z06rn,pr184lqn,13540
1278,2021-03-07,verified,True,4p9z06rn,pr184lqn,13578
1279,2021-02-05,verified,False,4p9z06rn,pr184lqn,13642
1280,2019-11-02,verified,False,4p9z06rn,e6lxy1dz,13827
1281,2017-04-23,verified,False,v06dk3e4,pr184lqn,13902
1282,2020-07-10,verified,True,4p9z06rn,e6lxy1dz,14103
1283,2020-04-14,verified,False,v06dk3e4,pr184lqn,14141
1284,2020-08-18,verified,False,v06dk3e4,e6lxy1dz,14258
1285,2015-07-13,verified,False,v06dk3e4,pr184lqn,14331
1286,2017-01-18,verified,False,4p9z06rn,pr184lqn,14550
1287,2014-04-11,verified,False,v06dk3e4,pr184lqn,14786
1288,2017-11-14,verified,False,4p9z06rn,,14855
1289,2020-01-05,verified,False,4p9z06rn,e6lxy1dz,15120
1290,2015-05-25,verified,False,v06dk3e4,pr184lqn,15163
1291,2019-12-01,verified,True,4p9z06rn,pr184lqn,16594
1292,2015-10-08,verified,False,v06dk3e4,pr184lqn,16680
1292,2016-10-20,verified,False,4p9z06rn,pr184lqn,16680
1294,2019-07-08,verified,False,v06dk3e4,pr184lqn,16994
1295,2014-03-20,verified,False,v06dk3e4,,17234
1296,2018-05-24,verified,False,v06dk3e4,pr184lqn,18857
1297,2020-09-14,verified,False,4p9z06rn,pr184lqn,19694
1298,2017-08-03,verified,True,4p9z06rn,pr184lqn,20013
1299,2021-01-29,verified,True,4p9z06rn,,20064
1300,2019-06-10,verified,False,v06dk3e4,,22467
1301,2017-07-13,verified,False,v06dk3e4,o316x197,23418
1302,2020-05-02,verified,True,4p9z06rn,,23696
1303,2019-11-30,verified,True,4p9z06rn,pr184lqn,24231
1304,2019-11-11,verified,True,v06dk3e4,e6lxy1dz,24589
1305,2017-05-24,verified,False,v06dk3e4,,25384
1306,2020-09-11,verified,True,4p9z06rn,pr184lqn,26436
1307,2020-09-28,verified,True,4p9z06rn,pr184lqn,29815
1308,2020-09-20,verified,False,4p9z06rn,pr184lqn,30321
1309,2020-08-15,verified,False,4p9z06rn,pr184lqn,33090
1310,2020-10-15,verified,False,v06dk3e4,pr184lqn,46324
1311,2020-05-11,verified,True,4p9z06rn,pr184lqn,48907
1312,2021-03-12,verified,True,4p9z06rn,pr184lqn,60965
1313,2021-05-07,verified,False,4p9z06rn,,86627
